earn,male,education,ethnicity,age,height,weight
50000.0,1,16.0,White,45,74,210.0
60000.0,0,16.0,White,58,66,125.0
30000.0,0,16.0,White,29,64,126.0
25000.0,0,17.0,White,57,65,200.0
50000.0,0,16.0,Other,91,63,110.0
62000.0,0,18.0,Black,54,68,165.0
51000.0,0,17.0,White,39,63,190.0
9000.0,0,15.0,White,26,64,125.0
29000.0,0,12.0,White,49,62,200.0
32000.0,1,17.0,White,46,73,230.0
2000.0,1,15.0,Hispanic,21,72,176.0
35000.0,1,,White,53,72,265.0
27000.0,1,12.0,White,26,72,160.0
6530.0,1,16.0,White,65,70,225.0
0.0,0,14.0,White,50,63,107.0
30000.0,1,11.0,White,34,68,170.0
12000.0,1,12.0,White,27,68,144.0
15000.0,1,18.0,White,51,71,193.0
12000.0,0,12.0,White,51,65,250.0
20000.0,0,11.0,White,45,66,130.0
0.0,0,12.0,White,27,60,100.0
25000.0,0,12.0,White,41,65,123.0
22000.0,0,16.0,White,35,66,130.0
25000.0,0,16.0,White,29,65,120.0
20000.0,1,14.0,White,22,71,160.0
17000.0,1,12.0,White,58,68,172.0
40000.0,0,14.0,White,29,68,135.0
44000.0,1,13.0,White,44,70,180.0
0.0,0,9.0,White,21,67,112.0
7000.0,0,12.0,Black,55,64,240.0
53000.0,1,13.0,Black,35,73,190.0
5000.0,0,12.0,Black,23,64,145.0
5000.0,0,13.0,White,51,62,120.0
14000.0,0,14.0,White,21,63,114.0
45000.0,1,14.0,White,36,69,170.0
5500.0,1,14.0,White,22,67,166.0
40000.0,0,12.0,White,41,66,124.0
34000.0,1,12.0,White,45,72,175.0
5000.0,0,12.0,Black,23,63,120.0
10000.0,0,12.0,Black,35,63,184.0
0.0,1,11.0,White,21,68,150.0
27000.0,0,16.0,White,60,64,150.0
62000.0,1,14.0,White,44,73,220.0
15000.0,0,12.0,White,69,67,220.0
0.0,0,12.0,White,44,60,
50000.0,1,16.0,White,38,72,180.0
0.0,0,12.0,White,55,68,158.0
41000.0,1,16.0,White,33,77,255.0
0.0,0,10.0,White,19,64,150.0
15000.0,0,14.0,White,25,64,130.0
25000.0,0,12.0,White,33,64,
25000.0,0,16.0,White,72,63,146.0
75000.0,1,17.0,White,39,72,185.0
27000.0,1,17.0,White,31,68,180.0
12000.0,0,12.0,White,26,64,135.0
40000.0,1,12.0,White,51,70,168.0
7500.0,0,14.0,White,78,61,138.0
25000.0,0,12.0,White,46,65,115.0
30000.0,0,14.0,Black,31,67,135.0
21000.0,0,12.0,White,57,65,150.0
27000.0,0,14.0,White,26,64,120.0
45000.0,1,16.0,White,44,73,165.0
3000.0,0,15.0,White,65,67,130.0
25000.0,0,12.0,White,30,65,170.0
24000.0,0,12.0,White,41,65,140.0
32000.0,0,18.0,White,29,67,145.0
10000.0,0,17.0,White,30,68,145.0
0.0,0,12.0,White,57,70,150.0
11000.0,0,12.0,Hispanic,21,60,100.0
18700.0,0,13.0,White,32,65,105.0
20000.0,0,12.0,White,29,62,120.0
3500.0,1,10.0,White,18,72,160.0
13000.0,1,8.0,Black,56,67,206.0
25000.0,1,12.0,White,65,70,170.0
21000.0,1,17.0,White,41,70,183.0
34000.0,0,17.0,White,49,68,150.0
5000.0,0,12.0,Black,23,66,115.0
6000.0,0,12.0,White,65,60,120.0
17000.0,1,12.0,White,28,71,195.0
35000.0,1,12.0,White,32,71,140.0
4000.0,1,13.0,White,18,73,180.0
5000.0,0,16.0,White,22,64,115.0
14000.0,0,14.0,White,55,68,150.0
10000.0,0,12.0,White,57,66,118.0
25000.0,1,16.0,White,29,69,155.0
0.0,0,8.0,White,63,63,126.0
87000.0,1,18.0,White,60,70,130.0
16000.0,0,14.0,White,27,63,130.0
0.0,0,13.0,Black,30,66,123.0
15000.0,0,12.0,White,33,66,110.0
0.0,0,12.0,White,26,64,200.0
16000.0,1,14.0,Hispanic,28,62,130.0
25000.0,0,18.0,White,67,66,190.0
16500.0,0,14.0,White,43,64,116.0
15000.0,1,12.0,White,73,68,170.0
4000.0,0,9.0,White,68,64,190.0
3840.0,0,9.0,White,52,67,342.0
5000.0,0,6.0,White,78,60,90.0
22000.0,1,12.0,White,39,71,200.0
200.0,0,16.0,White,53,60,135.0
26000.0,0,16.0,White,27,66,140.0
2500.0,0,15.0,White,21,66,120.0
17000.0,0,14.0,White,39,65,125.0
25000.0,0,16.0,White,35,63,112.0
8000.0,0,13.0,White,22,70,130.0
25000.0,1,12.0,White,31,68,215.0
0.0,0,13.0,White,63,65,98.0
12000.0,0,13.0,White,68,66,138.0
10000.0,0,12.0,White,47,62,123.0
5000.0,0,8.0,White,77,60,105.0
100000.0,1,16.0,White,51,76,220.0
10000.0,0,15.0,White,67,66,140.0
0.0,0,14.0,White,38,64,173.0
15000.0,1,12.0,White,39,72,185.0
45000.0,0,12.0,Other,43,66,190.0
15000.0,1,11.0,Black,73,69,190.0
2400.0,0,8.0,Hispanic,39,67,115.0
30000.0,1,12.0,Hispanic,32,68,150.0
30000.0,1,12.0,White,33,70,150.0
10000.0,0,12.0,White,38,62,125.0
5000.0,0,13.0,White,26,63,137.0
12000.0,0,13.0,White,63,66,125.0
20000.0,0,10.0,White,61,70,80.0
20000.0,0,12.0,White,36,68,160.0
20000.0,1,14.0,White,23,70,160.0
25000.0,0,18.0,White,57,65,125.0
5000.0,0,8.0,White,82,68,110.0
0.0,0,12.0,White,59,66,133.0
25000.0,1,18.0,White,76,71,180.0
1200.0,0,12.0,White,20,66,135.0
5000.0,0,12.0,White,69,62,130.0
700.0,0,16.0,White,32,68,120.0
20000.0,1,16.0,White,27,70,150.0
10000.0,0,12.0,Hispanic,22,61,110.0
30000.0,0,12.0,White,73,63,128.0
25000.0,1,8.0,Hispanic,63,72,185.0
40000.0,0,14.0,White,56,64,200.0
25000.0,1,12.0,White,89,67,155.0
45000.0,0,18.0,White,65,66,135.0
10000.0,0,17.0,White,79,61,130.0
60000.0,0,18.0,White,63,69,132.0
45000.0,0,12.0,White,56,62,103.0
0.0,0,12.0,White,21,64,150.0
18000.0,0,12.0,White,66,68,130.0
15000.0,0,12.0,White,74,60,128.0
50000.0,1,18.0,White,42,71,155.0
16040.0,0,12.0,White,33,64,155.0
15000.0,0,14.0,Black,30,67,140.0
10000.0,1,17.0,White,23,69,160.0
33000.0,0,13.0,White,43,67,185.0
18000.0,0,12.0,White,30,68,130.0
15000.0,0,12.0,White,37,63,105.0
21000.0,1,12.0,White,22,71,145.0
21000.0,0,17.0,Black,43,64,124.0
37000.0,1,11.0,White,37,68,170.0
38000.0,0,17.0,White,44,68,126.0
17000.0,0,14.0,Hispanic,43,66,142.0
0.0,0,12.0,White,29,66,130.0
0.0,0,16.0,Other,32,66,130.0
15000.0,0,16.0,White,91,60,100.0
32000.0,1,16.0,White,30,77,210.0
27500.0,0,12.0,White,58,67,160.0
15000.0,1,12.0,White,76,66,140.0
16500.0,0,12.0,White,44,62,120.0
0.0,0,17.0,White,30,64,118.0
0.0,0,12.0,White,51,72,175.0
25000.0,0,18.0,White,35,67,150.0
27000.0,0,18.0,White,43,61,116.0
5000.0,0,12.0,White,28,64,220.0
70000.0,0,16.0,White,38,62,125.0
5000.0,0,12.0,White,40,63,150.0
5000.0,1,16.0,White,24,68,135.0
62000.0,1,18.0,Other,30,69,158.0
15000.0,0,12.0,Black,59,64,160.0
20000.0,0,15.0,White,26,64,158.0
4000.0,1,15.0,White,21,72,185.0
75000.0,1,12.0,White,39,72,172.0
60000.0,0,16.0,White,35,64,130.0
5000.0,0,13.0,White,31,61,150.0
30000.0,1,12.0,White,38,74,230.0
70000.0,1,14.0,White,35,70,165.0
5000.0,0,16.0,White,60,64,115.0
50000.0,1,16.0,White,41,71,195.0
44000.0,0,12.0,White,39,63,120.0
40000.0,1,18.0,White,40,73,215.0
30000.0,0,14.0,White,43,64,133.0
15000.0,1,14.0,Black,24,73,200.0
35000.0,0,15.0,White,31,63,150.0
0.0,0,16.0,White,32,62,130.0
10000.0,0,16.0,White,40,62,140.0
23000.0,0,17.0,White,42,70,170.0
0.0,0,12.0,White,39,62,115.0
45000.0,1,17.0,White,62,71,175.0
15000.0,1,14.0,White,31,71,170.0
4000.0,0,14.0,White,71,70,169.0
17000.0,1,14.0,White,31,67,160.0
30000.0,0,12.0,White,32,64,130.0
27500.0,0,12.0,White,30,67,112.0
5688.0,0,8.0,White,69,62,140.0
18000.0,0,13.0,Hispanic,56,62,137.0
35000.0,1,14.0,White,36,67,170.0
45000.0,0,17.0,White,32,66,160.0
43000.0,1,13.0,Black,44,68,185.0
32000.0,0,14.0,Black,44,62,140.0
25000.0,0,12.0,Black,20,62,118.0
0.0,0,5.0,Black,51,66,148.0
10000.0,0,18.0,Black,56,68,165.0
50000.0,0,12.0,Hispanic,38,65,130.0
15000.0,1,12.0,White,20,74,160.0
60000.0,1,13.0,White,45,74,185.0
30000.0,1,15.0,White,23,71,175.0
21000.0,0,12.0,Other,50,68,150.0
2400.0,0,16.0,White,22,62,110.0
5000.0,0,10.0,White,50,68,240.0
35000.0,0,15.0,Black,42,62,150.0
1000.0,0,15.0,White,28,66,136.0
27000.0,1,12.0,White,27,68,170.0
6600.0,0,14.0,Hispanic,28,60,115.0
16000.0,1,8.0,White,43,68,164.0
90000.0,1,12.0,White,26,72,185.0
8000.0,0,12.0,White,42,66,185.0
20000.0,1,10.0,White,32,68,150.0
15000.0,0,12.0,White,18,68,130.0
12000.0,0,12.0,White,60,69,180.0
25000.0,0,9.0,White,67,63,170.0
24000.0,0,16.0,White,46,64,128.0
20000.0,0,14.0,White,39,65,175.0
19000.0,0,12.0,White,46,61,128.0
25000.0,1,8.0,White,53,71,180.0
10000.0,1,12.0,White,49,72,172.0
40000.0,0,16.0,White,34,66,125.0
62000.0,1,8.0,Black,35,69,175.0
25000.0,0,13.0,Black,38,63,105.0
0.0,0,10.0,White,57,62,
0.0,0,10.0,Hispanic,48,60,145.0
10000.0,0,8.0,White,88,62,138.0
25000.0,1,14.0,White,64,68,160.0
25000.0,1,12.0,White,24,70,150.0
25000.0,1,14.0,White,32,71,165.0
19000.0,1,16.0,White,61,71,209.0
44000.0,1,16.0,White,48,68,210.0
0.0,0,12.0,White,19,66,145.0
0.0,0,18.0,White,55,63,140.0
15000.0,0,14.0,White,49,60,105.0
17000.0,0,12.0,White,36,63,137.0
24000.0,1,12.0,White,56,68,150.0
50000.0,1,16.0,White,38,70,150.0
23000.0,0,12.0,White,37,64,170.0
13000.0,1,12.0,White,74,70,143.0
20000.0,0,,Black,72,66,178.0
45000.0,0,12.0,White,49,66,
65000.0,1,16.0,White,46,68,180.0
7000.0,0,12.0,White,63,61,135.0
40000.0,1,18.0,White,63,68,180.0
15000.0,0,17.0,White,43,66,145.0
20000.0,1,16.0,White,25,70,164.0
25000.0,1,6.0,White,77,68,150.0
20000.0,1,12.0,White,50,71,175.0
5000.0,1,9.0,White,67,63,175.0
20000.0,0,12.0,White,42,65,195.0
25000.0,0,12.0,White,49,66,150.0
15000.0,0,14.0,White,20,64,110.0
49000.0,1,13.0,White,37,70,195.0
25000.0,1,8.0,White,24,70,165.0
0.0,0,12.0,White,36,64,102.0
0.0,0,16.0,White,35,63,150.0
25000.0,0,12.0,White,65,62,158.0
30000.0,0,12.0,White,67,65,160.0
25000.0,0,12.0,White,62,66,142.0
35000.0,0,16.0,White,72,60,125.0
11000.0,0,14.0,White,57,66,128.0
16000.0,0,15.0,White,38,61,160.0
35000.0,1,14.0,White,43,72,145.0
125000.0,1,18.0,White,45,74,240.0
23000.0,0,12.0,White,47,67,185.0
17000.0,0,16.0,White,28,66,170.0
0.0,0,13.0,White,31,62,125.0
27000.0,0,12.0,White,41,62,115.0
70000.0,1,14.0,White,32,72,180.0
35000.0,0,15.0,White,47,65,170.0
10000.0,0,12.0,White,62,60,150.0
15000.0,0,13.0,White,30,64,107.0
35000.0,0,15.0,White,39,62,135.0
15000.0,0,12.0,White,38,66,130.0
12000.0,0,12.0,White,39,64,250.0
8000.0,1,12.0,White,68,71,135.0
8000.0,0,12.0,White,50,65,130.0
35000.0,1,18.0,White,50,73,225.0
45000.0,1,11.0,White,51,69,175.0
0.0,0,12.0,White,58,64,175.0
5000.0,0,12.0,White,27,64,118.0
15000.0,0,14.0,White,22,64,123.0
15000.0,0,12.0,White,77,61,136.0
24000.0,0,18.0,White,51,67,240.0
25000.0,0,13.0,White,32,62,189.0
25000.0,0,14.0,Black,54,63,165.0
20000.0,1,10.0,Other,28,67,105.0
24000.0,0,12.0,White,24,68,140.0
44000.0,1,16.0,White,46,72,165.0
69000.0,1,12.0,White,38,70,187.0
62000.0,1,18.0,White,44,70,188.0
25000.0,0,15.0,Black,65,60,145.0
32000.0,1,14.0,Black,32,67,170.0
20000.0,0,12.0,Black,33,63,125.0
32000.0,0,18.0,Other,35,66,112.0
25000.0,0,17.0,White,50,66,135.0
170000.0,1,18.0,White,45,71,185.0
0.0,0,11.0,Black,29,66,185.0
35000.0,1,16.0,White,33,67,170.0
40000.0,1,16.0,Black,38,76,194.0
33000.0,1,14.0,White,30,69,155.0
18000.0,0,12.0,White,22,65,145.0
30000.0,0,13.0,White,43,62,120.0
26000.0,0,12.0,White,31,62,112.0
5000.0,0,12.0,White,21,62,120.0
5000.0,0,12.0,White,18,69,163.0
20000.0,0,16.0,White,73,62,130.0
17000.0,0,12.0,White,30,61,105.0
32000.0,0,14.0,White,28,65,138.0
15000.0,1,14.0,White,22,72,170.0
0.0,0,17.0,White,41,66,120.0
50000.0,1,14.0,White,55,72,248.0
8000.0,0,12.0,White,39,64,138.0
40000.0,1,14.0,White,51,71,190.0
40000.0,1,15.0,White,41,72,185.0
32750.0,1,12.0,White,34,66,130.0
5000.0,1,12.0,White,20,68,170.0
20000.0,0,14.0,White,69,65,185.0
36000.0,0,15.0,Black,39,65,128.0
6000.0,0,12.0,White,64,62,170.0
12000.0,0,14.0,Hispanic,34,66,160.0
60000.0,1,14.0,White,63,67,150.0
40000.0,0,13.0,White,44,64,135.0
5000.0,1,13.0,Hispanic,19,74,185.0
43000.0,0,12.0,White,38,63,117.0
45000.0,0,16.0,White,34,67,150.0
6000.0,0,18.0,White,39,68,190.0
8000.0,0,10.0,Other,82,64,154.0
20000.0,0,13.0,Black,39,64,170.0
17000.0,1,12.0,Black,23,66,165.0
2000.0,0,12.0,White,32,65,112.0
65000.0,1,12.0,White,28,65,180.0
50000.0,1,12.0,White,41,72,180.0
0.0,0,11.0,White,54,68,128.0
0.0,0,11.0,White,29,63,170.0
15000.0,1,13.0,White,21,70,220.0
11000.0,0,12.0,White,38,68,140.0
35000.0,1,18.0,White,30,74,190.0
27000.0,1,12.0,White,33,63,185.0
3500.0,0,12.0,White,61,64,135.0
15000.0,0,7.0,White,77,65,132.0
42000.0,1,12.0,White,37,68,180.0
15000.0,0,12.0,White,61,61,200.0
20000.0,0,18.0,White,29,67,130.0
15000.0,0,12.0,White,29,67,125.0
10000.0,1,12.0,White,21,73,207.0
0.0,0,12.0,White,48,62,105.0
6000.0,1,8.0,White,78,70,176.0
25000.0,1,12.0,White,80,71,200.0
17000.0,0,16.0,Hispanic,23,65,200.0
35000.0,1,16.0,Hispanic,65,69,148.0
28000.0,1,14.0,White,28,77,203.0
15000.0,0,12.0,White,33,68,165.0
20000.0,0,17.0,White,24,62,110.0
20000.0,0,12.0,White,29,64,128.0
10500.0,1,12.0,Hispanic,42,67,150.0
13000.0,1,16.0,White,22,70,165.0
10000.0,0,12.0,White,52,62,123.0
3000.0,0,12.0,White,37,63,170.0
24000.0,0,14.0,White,29,62,116.0
0.0,0,17.0,White,41,63,117.0
17000.0,0,13.0,White,35,69,160.0
11000.0,0,12.0,White,48,64,122.0
0.0,0,14.0,White,37,64,154.0
32000.0,0,14.0,White,40,69,185.0
17000.0,0,15.0,White,26,59,95.0
15000.0,0,16.0,White,47,61,115.0
25000.0,0,12.0,White,75,60,125.0
136500.0,1,12.0,White,49,72,225.0
3000.0,0,12.0,Other,35,66,
15000.0,0,8.0,White,60,63,160.0
0.0,0,12.0,White,41,65,150.0
25000.0,1,18.0,White,58,70,200.0
5000.0,1,14.0,White,48,72,250.0
2100.0,0,12.0,Black,21,62,125.0
15000.0,1,10.0,Black,82,70,148.0
15000.0,0,13.0,White,76,60,120.0
15000.0,0,12.0,Black,29,66,140.0
15000.0,1,12.0,Hispanic,34,64,160.0
15000.0,1,16.0,White,23,71,180.0
5000.0,1,12.0,Black,27,73,250.0
3192.0,1,11.0,Black,34,75,180.0
15000.0,0,12.0,Other,25,62,110.0
17000.0,0,17.0,White,26,63,123.0
30000.0,0,13.0,White,28,65,150.0
15000.0,1,12.0,White,32,70,135.0
5000.0,0,16.0,White,26,64,110.0
24000.0,0,16.0,White,42,68,170.0
10000.0,0,14.0,White,67,65,154.0
50000.0,1,8.0,White,53,69,150.0
15000.0,0,11.0,White,77,64,170.0
50000.0,1,16.0,White,53,72,168.0
136500.0,1,12.0,White,38,69,160.0
20000.0,0,17.0,White,49,64,150.0
30000.0,0,18.0,Hispanic,54,63,108.0
5000.0,0,18.0,White,41,68,122.0
0.0,0,12.0,White,63,64,135.0
0.0,0,10.0,White,48,66,130.0
25000.0,1,12.0,White,37,70,165.0
0.0,0,5.0,White,58,63,134.0
22000.0,0,14.0,White,45,73,180.0
27000.0,1,12.0,White,24,75,200.0
4000.0,0,12.0,White,38,65,210.0
35000.0,0,16.0,White,41,64,140.0
17500.0,0,17.0,White,26,66,160.0
16500.0,0,14.0,White,28,66,112.0
28000.0,0,16.0,White,39,64,190.0
52000.0,0,18.0,White,50,66,140.0
15000.0,0,16.0,White,29,64,108.0
19000.0,0,13.0,White,32,63,140.0
0.0,0,13.0,White,44,63,125.0
5000.0,0,12.0,Black,19,67,132.0
15000.0,0,12.0,White,34,69,135.0
27000.0,1,12.0,White,23,73,170.0
15000.0,1,8.0,White,58,72,171.0
0.0,0,12.0,White,24,66,196.0
15000.0,1,14.0,White,33,72,195.0
14500.0,0,12.0,White,55,64,150.0
24000.0,0,13.0,White,30,64,106.0
5000.0,0,12.0,White,18,61,115.0
18000.0,1,15.0,White,36,68,145.0
4000.0,0,12.0,White,68,62,118.0
15000.0,0,12.0,White,85,64,129.0
4000.0,0,13.0,White,57,69,
20000.0,0,15.0,White,53,66,160.0
700.0,0,12.0,White,36,60,98.0
25000.0,0,15.0,White,33,64,123.0
24000.0,0,12.0,White,91,65,220.0
15000.0,0,12.0,White,60,60,125.0
27000.0,1,12.0,White,39,76,215.0
12000.0,0,12.0,White,35,72,
400000.0,1,12.0,White,33,72,185.0
22000.0,0,18.0,White,47,62,145.0
30000.0,0,13.0,White,36,62,140.0
45000.0,1,16.0,White,35,70,160.0
35000.0,1,12.0,White,61,71,205.0
20000.0,1,12.0,White,42,74,195.0
32000.0,0,16.0,White,32,65,138.0
6000.0,0,12.0,Other,31,63,160.0
12000.0,0,12.0,White,39,67,150.0
0.0,0,16.0,White,44,65,128.0
10000.0,0,12.0,White,31,63,145.0
1000.0,0,12.0,White,18,65,126.0
12000.0,0,15.0,White,71,64,136.0
16000.0,0,12.0,White,36,65,140.0
15000.0,0,13.0,White,27,63,125.0
0.0,0,16.0,White,41,68,240.0
25000.0,0,16.0,White,33,63,140.0
25000.0,0,12.0,White,27,70,135.0
32000.0,1,12.0,White,30,68,180.0
35000.0,1,14.0,White,43,67,165.0
25000.0,1,12.0,White,24,68,130.0
25000.0,0,12.0,White,23,66,135.0
6000.0,0,12.0,White,28,65,125.0
80000.0,1,14.0,White,44,69,165.0
20000.0,0,14.0,White,25,68,145.0
1000.0,0,17.0,White,38,66,187.0
28000.0,1,13.0,Hispanic,38,71,165.0
26000.0,1,16.0,Hispanic,23,64,125.0
27000.0,1,12.0,White,24,74,210.0
18000.0,0,13.0,White,41,62,112.0
2000.0,0,12.0,White,59,65,200.0
20000.0,1,12.0,White,66,69,195.0
15000.0,1,12.0,Black,19,72,185.0
6000.0,0,16.0,White,48,66,221.0
15000.0,1,11.0,White,32,70,180.0
15000.0,0,12.0,White,74,61,170.0
0.0,0,10.0,White,68,60,110.0
5000.0,1,12.0,White,19,70,190.0
5000.0,0,11.0,White,21,73,130.0
15000.0,0,12.0,White,74,66,160.0
45000.0,0,12.0,Hispanic,36,57,130.0
25000.0,1,11.0,White,63,67,210.0
12000.0,1,12.0,White,29,73,180.0
0.0,0,18.0,White,26,65,115.0
15000.0,0,12.0,White,45,62,120.0
12000.0,1,12.0,White,57,76,165.0
30000.0,1,14.0,White,76,70,175.0
0.0,0,12.0,White,30,64,160.0
4000.0,0,15.0,Black,22,63,130.0
5000.0,0,11.0,Black,18,67,185.0
26000.0,0,13.0,Black,37,63,115.0
5000.0,0,9.0,White,53,69,190.0
15000.0,0,9.0,White,23,67,200.0
15000.0,0,12.0,Black,30,66,180.0
5000.0,0,12.0,Black,25,61,140.0
23000.0,1,12.0,Black,35,70,164.0
21000.0,1,12.0,White,33,71,175.0
25000.0,0,12.0,White,62,65,135.0
18000.0,1,16.0,White,75,70,157.0
4000.0,0,13.0,White,44,63,150.0
23900.0,0,12.0,White,22,64,116.0
35000.0,1,12.0,White,68,68,145.0
35000.0,0,18.0,White,40,64,123.0
26000.0,1,14.0,White,30,67,140.0
25000.0,1,16.0,White,36,66,172.0
23500.0,0,13.0,White,27,68,118.0
12000.0,0,12.0,White,22,65,135.0
15000.0,0,12.0,White,20,67,140.0
25000.0,0,8.0,White,67,61,165.0
3000.0,1,17.0,White,23,73,210.0
15000.0,0,12.0,White,68,63,200.0
20000.0,0,12.0,White,37,66,145.0
6000.0,0,12.0,White,67,64,200.0
14000.0,1,12.0,White,69,71,160.0
15000.0,0,16.0,White,31,63,123.0
175000.0,1,16.0,White,48,71,180.0
0.0,0,12.0,White,51,63,118.0
62000.0,0,16.0,White,70,64,128.0
1000.0,1,18.0,White,25,73,170.0
10000.0,0,14.0,White,63,65,140.0
45000.0,1,13.0,White,82,66,120.0
15000.0,0,12.0,White,81,66,120.0
45000.0,0,15.0,White,79,60,135.0
50000.0,0,18.0,White,52,68,165.0
20000.0,0,13.0,White,41,59,140.0
5000.0,1,12.0,White,42,70,215.0
35000.0,1,16.0,White,30,70,165.0
40000.0,1,16.0,White,28,72,152.0
35000.0,0,12.0,White,72,64,135.0
25000.0,1,12.0,White,33,72,200.0
50000.0,0,16.0,White,54,66,170.0
100000.0,1,18.0,White,57,70,205.0
35000.0,1,13.0,White,28,69,145.0
0.0,0,12.0,White,51,66,115.0
24000.0,0,12.0,White,35,68,175.0
0.0,0,12.0,White,30,64,120.0
25000.0,0,14.0,White,35,67,140.0
0.0,0,12.0,White,60,63,124.0
35000.0,1,17.0,White,43,74,268.0
38000.0,1,16.0,White,74,73,230.0
35000.0,1,13.0,White,29,70,200.0
25000.0,0,8.0,White,76,60,130.0
30000.0,1,12.0,White,52,67,160.0
5000.0,0,12.0,Hispanic,39,64,136.0
148000.0,1,18.0,White,38,67,160.0
30000.0,1,12.0,White,32,70,165.0
6500.0,0,15.0,White,31,64,120.0
3000.0,0,16.0,White,37,62,95.0
25000.0,1,15.0,White,75,72,175.0
0.0,0,8.0,White,53,66,200.0
23000.0,1,18.0,White,69,69,230.0
45000.0,1,18.0,White,65,82,175.0
35000.0,0,16.0,White,36,63,150.0
40000.0,1,17.0,White,41,68,155.0
30000.0,1,14.0,White,39,72,180.0
0.0,0,14.0,White,29,63,210.0
14000.0,0,12.0,White,37,63,210.0
15000.0,0,12.0,White,34,69,
26000.0,0,18.0,White,36,64,120.0
8000.0,0,12.0,White,25,71,195.0
24000.0,0,16.0,Black,27,64,123.0
0.0,1,8.0,White,20,72,135.0
0.0,0,12.0,White,25,62,125.0
0.0,0,10.0,White,38,66,180.0
15000.0,1,12.0,White,40,72,200.0
5124.0,1,8.0,White,67,66,140.0
10000.0,0,15.0,White,25,61,110.0
5000.0,0,7.0,White,38,64,165.0
5000.0,0,13.0,Black,20,62,111.0
0.0,0,13.0,White,19,69,125.0
12000.0,0,16.0,White,32,68,145.0
0.0,0,12.0,White,23,66,155.0
50000.0,1,17.0,White,34,68,180.0
136500.0,1,16.0,White,41,71,158.0
23000.0,0,13.0,White,26,64,125.0
0.0,0,16.0,White,40,61,118.0
25000.0,0,12.0,White,69,68,155.0
5000.0,0,9.0,White,69,63,174.0
5000.0,0,12.0,White,91,65,138.0
5000.0,0,12.0,White,18,64,110.0
15000.0,0,12.0,White,38,65,130.0
5000.0,0,14.0,White,19,64,125.0
40000.0,1,14.0,Black,34,66,130.0
6000.0,0,13.0,Black,26,62,124.0
100000.0,1,18.0,White,77,71,170.0
5000.0,0,16.0,Black,30,65,160.0
45000.0,0,8.0,White,52,64,190.0
25000.0,0,12.0,Black,26,60,120.0
110000.0,1,18.0,White,37,66,156.0
25000.0,0,13.0,White,37,61,102.0
41000.0,1,13.0,Hispanic,32,72,145.0
25000.0,0,12.0,White,55,70,145.0
23000.0,0,13.0,White,78,63,130.0
15000.0,0,14.0,White,78,68,132.0
0.0,0,12.0,White,32,63,120.0
21000.0,1,12.0,White,23,70,165.0
4000.0,0,12.0,White,29,62,150.0
25000.0,1,12.0,White,36,71,280.0
30000.0,1,18.0,White,46,70,170.0
14000.0,0,11.0,White,51,64,159.0
6000.0,0,12.0,White,35,63,115.0
14000.0,0,12.0,White,46,65,144.0
43000.0,1,12.0,White,27,71,175.0
25000.0,0,15.0,White,33,62,128.0
40000.0,1,12.0,White,66,73,195.0
25000.0,0,16.0,White,73,64,135.0
65000.0,1,17.0,White,40,68,220.0
16000.0,1,15.0,White,32,76,210.0
136500.0,1,16.0,White,65,73,196.0
87000.0,1,18.0,White,54,70,160.0
8000.0,0,12.0,White,71,66,120.0
20000.0,0,15.0,White,39,64,
14000.0,0,14.0,White,72,60,
45000.0,1,12.0,White,74,68,140.0
8000.0,0,11.0,White,72,61,180.0
15000.0,0,10.0,White,71,65,185.0
12000.0,1,12.0,White,28,66,130.0
8000.0,0,14.0,White,31,63,132.0
16000.0,0,15.0,White,32,63,105.0
25000.0,0,12.0,White,43,67,
6000.0,1,15.0,White,73,74,170.0
136500.0,0,12.0,White,45,66,160.0
19000.0,1,12.0,White,32,70,180.0
21000.0,0,13.0,White,39,68,155.0
43000.0,0,18.0,White,46,70,131.0
35000.0,1,15.0,White,21,69,190.0
8000.0,1,10.0,White,75,70,175.0
21000.0,0,14.0,White,41,63,125.0
5800.0,0,12.0,White,30,65,135.0
17000.0,1,12.0,White,46,69,185.0
45000.0,0,12.0,White,42,65,120.0
24000.0,1,14.0,White,49,68,140.0
5000.0,0,11.0,White,71,62,140.0
62000.0,1,11.0,White,48,70,185.0
11000.0,0,12.0,White,23,66,150.0
10000.0,1,13.0,White,27,65,225.0
40000.0,1,14.0,White,36,70,185.0
0.0,0,12.0,Black,37,66,163.0
40000.0,1,12.0,White,47,70,170.0
24000.0,0,14.0,Black,29,66,165.0
50000.0,1,18.0,Black,34,68,160.0
25000.0,0,12.0,White,25,68,
24000.0,1,16.0,White,26,68,160.0
20000.0,1,16.0,White,33,68,120.0
15000.0,0,16.0,White,23,63,120.0
60000.0,1,18.0,White,50,70,195.0
11000.0,0,13.0,White,47,65,155.0
5000.0,0,15.0,White,40,64,115.0
136500.0,0,17.0,White,84,63,113.0
87000.0,1,18.0,White,39,69,180.0
27000.0,0,16.0,White,30,65,135.0
89000.0,1,16.0,White,41,77,241.0
40000.0,1,14.0,White,28,70,175.0
15000.0,0,16.0,White,26,64,120.0
1000.0,0,14.0,White,20,64,130.0
0.0,0,12.0,White,28,62,180.0
22000.0,0,12.0,White,60,64,
12000.0,0,8.0,White,48,64,184.0
22000.0,0,16.0,White,28,63,125.0
40000.0,0,12.0,Black,56,58,180.0
25000.0,1,10.0,Black,55,73,182.0
0.0,0,12.0,White,58,66,182.0
62000.0,0,16.0,White,40,64,120.0
40000.0,0,16.0,White,44,62,150.0
0.0,0,13.0,White,42,61,123.0
35000.0,0,14.0,Hispanic,53,64,113.0
7000.0,0,12.0,White,28,64,119.0
25000.0,1,14.0,White,40,70,190.0
14000.0,0,12.0,White,37,62,118.0
5000.0,0,12.0,White,20,62,120.0
15000.0,0,12.0,White,56,64,150.0
0.0,0,14.0,Black,31,66,240.0
6000.0,0,13.0,White,34,66,150.0
11000.0,0,12.0,Black,41,69,223.0
10000.0,0,13.0,White,31,64,132.0
0.0,0,12.0,White,59,62,168.0
5000.0,0,12.0,White,32,62,118.0
20000.0,1,14.0,White,41,71,193.0
35000.0,0,12.0,White,56,59,108.0
7000.0,0,12.0,White,73,62,155.0
38000.0,1,9.0,White,46,68,185.0
29000.0,1,9.0,White,58,68,175.0
20000.0,0,10.0,White,44,62,122.0
8000.0,0,12.0,White,57,63,160.0
36000.0,1,16.0,White,51,69,175.0
1500.0,0,12.0,White,44,67,228.0
42000.0,0,18.0,White,29,64,135.0
35000.0,0,17.0,White,44,68,135.0
25000.0,1,12.0,White,22,70,165.0
5000.0,1,9.0,White,18,76,150.0
13000.0,1,10.0,White,20,69,140.0
20000.0,0,11.0,White,64,66,133.0
10000.0,0,12.0,White,71,66,98.0
50000.0,1,15.0,Other,49,72,194.0
30000.0,1,11.0,Black,51,69,145.0
7000.0,1,12.0,White,23,69,160.0
15000.0,0,12.0,Black,82,62,118.0
31000.0,0,12.0,Black,48,60,200.0
15000.0,0,12.0,Black,42,66,149.0
0.0,0,18.0,White,41,60,135.0
50000.0,1,16.0,White,49,67,170.0
5000.0,0,11.0,Hispanic,18,67,120.0
5000.0,1,15.0,White,20,66,140.0
600.0,0,12.0,Black,18,70,150.0
14000.0,0,8.0,Black,51,64,150.0
40000.0,0,18.0,Other,35,60,105.0
24000.0,1,18.0,White,36,68,170.0
25000.0,0,12.0,Black,59,66,150.0
22000.0,1,12.0,Black,24,73,180.0
20000.0,1,8.0,White,36,72,215.0
20112.0,0,12.0,White,38,64,145.0
12000.0,1,13.0,White,67,67,135.0
15000.0,1,8.0,Black,37,71,180.0
20000.0,1,18.0,White,69,70,221.0
5000.0,0,8.0,White,44,66,129.0
41000.0,0,13.0,White,40,67,140.0
13000.0,1,9.0,Black,50,71,155.0
0.0,0,12.0,White,25,63,136.0
60000.0,1,16.0,White,31,73,170.0
24000.0,1,16.0,White,25,70,155.0
38000.0,1,16.0,White,36,70,165.0
3000.0,0,14.0,White,27,71,128.0
13000.0,0,12.0,White,30,66,110.0
5000.0,1,12.0,White,21,75,160.0
20000.0,0,14.0,White,37,60,92.0
22000.0,1,12.0,White,28,72,230.0
35000.0,0,14.0,White,40,70,256.0
0.0,0,16.0,Black,23,63,118.0
28000.0,1,9.0,Black,55,75,230.0
22000.0,0,12.0,White,41,60,110.0
30000.0,1,12.0,Black,44,73,186.0
5000.0,1,6.0,Black,70,65,165.0
30000.0,0,12.0,Black,32,65,210.0
35000.0,0,17.0,White,63,63,135.0
30000.0,1,16.0,White,31,67,140.0
32000.0,0,12.0,White,69,61,130.0
26000.0,0,17.0,White,43,69,135.0
22000.0,0,14.0,White,34,64,144.0
15000.0,0,14.0,White,72,62,190.0
25000.0,1,12.0,White,33,70,150.0
11000.0,0,10.0,White,24,68,147.0
15000.0,1,12.0,White,33,67,140.0
13000.0,0,12.0,White,53,62,130.0
10000.0,0,15.0,White,42,64,180.0
0.0,0,12.0,White,24,68,110.0
35000.0,1,16.0,White,32,72,200.0
12000.0,0,12.0,White,45,68,120.0
25000.0,0,17.0,White,38,64,130.0
0.0,1,13.0,White,57,66,130.0
7000.0,0,11.0,White,64,64,118.0
57000.0,1,14.0,White,37,73,230.0
36000.0,1,16.0,White,37,73,210.0
29000.0,1,14.0,Hispanic,29,69,175.0
8000.0,0,13.0,White,19,68,133.0
3000.0,1,11.0,Black,18,71,125.0
0.0,0,12.0,White,64,63,160.0
20000.0,0,16.0,White,41,66,205.0
0.0,0,12.0,White,36,66,158.0
33000.0,1,12.0,White,57,66,173.0
15000.0,0,12.0,Hispanic,68,68,210.0
16000.0,1,12.0,White,33,70,235.0
5000.0,0,12.0,White,78,62,148.0
8000.0,0,14.0,White,43,66,142.0
32000.0,0,16.0,Black,34,63,122.0
14500.0,1,12.0,White,24,75,175.0
13000.0,0,12.0,White,29,67,125.0
5000.0,1,16.0,White,27,68,115.0
5000.0,0,12.0,Black,34,60,
0.0,0,10.0,White,20,62,125.0
5000.0,0,11.0,White,57,70,200.0
7000.0,0,9.0,White,25,63,160.0
50000.0,0,18.0,Black,65,65,126.0
12000.0,0,12.0,Black,35,69,185.0
19000.0,1,14.0,White,61,71,209.0
9000.0,0,12.0,White,55,62,110.0
25000.0,0,12.0,White,38,64,110.0
20000.0,0,12.0,Black,35,65,130.0
55000.0,1,18.0,Hispanic,35,72,170.0
15000.0,0,12.0,Black,71,62,145.0
45000.0,1,18.0,White,31,75,190.0
10000.0,0,12.0,White,40,65,120.0
15000.0,0,12.0,White,67,65,142.0
13000.0,0,12.0,White,19,63,113.0
45000.0,0,18.0,White,30,66,120.0
20000.0,0,13.0,White,31,64,110.0
45000.0,0,16.0,White,29,68,116.0
30000.0,1,12.0,White,26,72,185.0
12000.0,0,12.0,White,34,64,110.0
26000.0,0,13.0,White,33,70,125.0
12500.0,0,12.0,White,27,65,115.0
8000.0,0,12.0,White,29,64,130.0
15000.0,0,16.0,Hispanic,32,64,120.0
65000.0,1,14.0,White,25,67,207.0
25000.0,1,10.0,White,21,73,175.0
8000.0,1,14.0,Hispanic,21,73,185.0
15000.0,1,14.0,Other,21,65,110.0
12000.0,0,16.0,White,40,64,160.0
35000.0,1,12.0,White,42,72,195.0
35000.0,0,13.0,Black,37,67,140.0
40000.0,1,16.0,White,31,67,162.0
15000.0,0,14.0,Hispanic,24,66,140.0
29000.0,1,12.0,White,22,74,145.0
5000.0,0,10.0,White,74,60,114.0
15000.0,0,12.0,White,33,64,96.0
15000.0,0,13.0,White,31,63,175.0
20000.0,1,12.0,White,36,74,250.0
3000.0,1,6.0,Black,62,74,205.0
1000.0,0,16.0,Black,19,63,120.0
8000.0,0,11.0,Black,23,62,140.0
5000.0,0,12.0,White,18,62,103.0
25000.0,0,16.0,White,27,67,160.0
5000.0,1,13.0,White,22,75,219.0
20000.0,1,12.0,White,57,69,163.0
15000.0,0,12.0,White,26,65,133.0
30000.0,1,12.0,White,34,73,150.0
12000.0,0,12.0,White,35,63,200.0
5000.0,0,11.0,White,80,59,
0.0,0,12.0,White,34,60,120.0
15000.0,0,14.0,White,38,65,122.0
5000.0,1,14.0,Black,34,64,145.0
15000.0,0,10.0,Black,59,64,130.0
25000.0,0,18.0,White,78,64,135.0
10000.0,0,14.0,White,32,67,210.0
16000.0,1,12.0,White,19,69,140.0
45000.0,1,12.0,White,29,71,185.0
40000.0,1,14.0,White,54,72,170.0
15000.0,1,12.0,White,26,72,200.0
0.0,0,12.0,White,62,63,140.0
20000.0,0,13.0,White,33,66,152.0
25000.0,1,14.0,White,81,70,125.0
19000.0,0,14.0,White,52,64,145.0
17600.0,0,16.0,White,30,64,128.0
7000.0,1,12.0,White,67,68,155.0
30000.0,1,12.0,White,32,74,207.0
18000.0,0,11.0,White,47,62,125.0
15000.0,0,8.0,Hispanic,41,63,135.0
25000.0,0,16.0,White,47,65,135.0
0.0,0,14.0,White,55,66,155.0
6000.0,0,5.0,White,62,60,120.0
70000.0,1,18.0,White,42,69,170.0
15000.0,0,16.0,Other,34,61,115.0
15000.0,1,12.0,White,61,68,140.0
25000.0,0,17.0,White,33,65,135.0
35000.0,0,16.0,White,28,66,120.0
18000.0,1,16.0,White,24,70,155.0
28000.0,1,15.0,Black,30,72,165.0
35000.0,0,12.0,White,49,66,160.0
25000.0,1,12.0,Hispanic,23,67,150.0
15000.0,0,11.0,Hispanic,21,64,135.0
22000.0,1,14.0,Hispanic,28,71,172.0
0.0,0,12.0,White,29,63,128.0
35000.0,1,12.0,White,30,73,190.0
18000.0,0,15.0,Black,46,64,140.0
35000.0,1,14.0,White,37,68,150.0
16400.0,0,12.0,Black,21,64,115.0
22000.0,1,16.0,Black,37,66,135.0
30000.0,0,16.0,White,58,67,128.0
17000.0,0,12.0,Hispanic,27,64,135.0
25000.0,0,14.0,Black,36,64,147.0
10000.0,0,12.0,White,51,62,138.0
40000.0,1,12.0,White,37,69,180.0
12500.0,0,12.0,White,63,63,125.0
15000.0,0,12.0,White,77,63,180.0
10000.0,0,12.0,White,30,63,135.0
35000.0,1,15.0,White,45,72,195.0
0.0,0,16.0,Hispanic,23,61,93.0
105000.0,1,12.0,White,49,75,202.0
25000.0,1,12.0,White,27,71,160.0
100000.0,1,18.0,White,40,70,170.0
25000.0,0,12.0,White,61,60,130.0
21000.0,1,12.0,White,51,69,158.0
10000.0,0,14.0,White,56,64,200.0
33000.0,1,12.0,White,26,72,222.0
26000.0,1,18.0,White,25,69,149.0
60000.0,0,10.0,White,78,63,136.0
15000.0,0,16.0,White,84,64,110.0
18000.0,1,16.0,White,45,71,235.0
15000.0,0,8.0,White,61,59,105.0
5000.0,1,13.0,White,20,68,170.0
60000.0,1,17.0,White,42,77,270.0
12000.0,0,14.0,White,69,68,150.0
28000.0,1,18.0,Black,38,70,140.0
42000.0,1,18.0,White,43,69,154.0
2000.0,0,12.0,White,33,63,103.0
10000.0,0,16.0,White,54,65,147.0
20000.0,1,18.0,Black,33,73,190.0
28000.0,1,15.0,Other,40,66,145.0
10000.0,1,17.0,Black,62,72,212.0
0.0,1,16.0,White,65,66,164.0
31000.0,1,12.0,Black,31,72,161.0
17000.0,0,13.0,Black,37,69,172.0
16000.0,0,12.0,White,39,67,220.0
35000.0,0,15.0,White,38,66,170.0
3000.0,0,12.0,White,26,67,111.0
5000.0,0,11.0,White,78,68,149.0
25000.0,1,10.0,White,51,72,155.0
16000.0,0,18.0,White,39,68,150.0
35000.0,0,15.0,Black,42,65,120.0
27000.0,0,17.0,Black,33,62,140.0
25000.0,1,17.0,White,29,69,155.0
0.0,0,14.0,White,78,62,200.0
40000.0,1,16.0,White,41,70,145.0
45000.0,0,16.0,White,43,66,151.0
14000.0,1,12.0,White,23,66,185.0
25000.0,0,14.0,White,37,66,200.0
40000.0,1,12.0,White,42,72,230.0
34000.0,1,12.0,White,35,69,187.0
40000.0,1,12.0,White,34,66,205.0
25000.0,1,16.0,White,83,71,190.0
35000.0,1,14.0,White,28,69,165.0
12000.0,0,12.0,Hispanic,51,60,104.0
30000.0,0,17.0,White,43,65,
23000.0,0,12.0,White,40,62,180.0
2000.0,0,12.0,White,30,67,150.0
20000.0,1,14.0,White,25,67,175.0
10000.0,0,9.0,Black,62,68,240.0
0.0,0,6.0,Black,67,65,175.0
25000.0,0,16.0,White,33,63,115.0
5000.0,0,12.0,Other,19,64,210.0
5000.0,0,11.0,Black,64,66,150.0
60000.0,0,16.0,Black,43,66,160.0
12000.0,1,16.0,Black,41,74,170.0
25000.0,0,18.0,White,61,65,157.0
22000.0,0,14.0,Black,73,63,180.0
0.0,0,12.0,White,38,62,130.0
8000.0,1,17.0,White,25,68,165.0
5000.0,0,17.0,White,22,68,
2000.0,0,16.0,White,21,66,124.0
5000.0,0,14.0,White,30,64,110.0
10000.0,0,13.0,White,20,61,130.0
18600.0,0,16.0,White,26,65,122.0
20000.0,0,14.0,White,20,62,120.0
100000.0,1,18.0,White,37,73,200.0
50000.0,0,15.0,White,40,62,135.0
27000.0,1,12.0,White,42,70,170.0
1000.0,0,12.0,Black,58,58,100.0
18000.0,1,12.0,White,20,68,145.0
17000.0,0,14.0,White,23,67,140.0
10000.0,0,12.0,White,74,64,180.0
14000.0,1,14.0,White,35,70,208.0
7200.0,1,14.0,White,66,72,200.0
0.0,0,8.0,Other,52,63,130.0
33000.0,0,17.0,White,39,63,112.0
23000.0,1,12.0,White,34,66,180.0
10000.0,0,12.0,White,41,65,138.0
22000.0,1,12.0,White,24,61,124.0
13000.0,0,12.0,Hispanic,19,61,110.0
33000.0,0,12.0,White,31,67,150.0
36000.0,1,12.0,White,36,73,250.0
10000.0,0,10.0,Black,64,66,180.0
10000.0,0,14.0,Black,32,71,185.0
6000.0,0,12.0,White,60,64,145.0
25000.0,1,11.0,White,63,70,199.0
12000.0,0,12.0,White,43,67,165.0
10000.0,0,11.0,White,47,62,190.0
21000.0,0,12.0,White,45,67,131.0
26000.0,1,12.0,White,32,69,210.0
22000.0,0,12.0,Black,50,66,170.0
23000.0,0,15.0,Black,54,66,155.0
20000.0,1,15.0,White,24,66,150.0
10000.0,0,13.0,White,38,66,130.0
15000.0,0,12.0,White,71,64,137.0
7000.0,1,14.0,Black,24,72,190.0
15000.0,0,12.0,White,38,64,195.0
0.0,0,12.0,White,60,64,170.0
26000.0,0,16.0,White,34,65,160.0
10000.0,1,11.0,White,31,72,150.0
0.0,0,8.0,White,57,63,150.0
3000.0,1,14.0,White,20,71,185.0
27000.0,0,17.0,Hispanic,41,64,135.0
25000.0,1,16.0,Black,52,70,190.0
35000.0,0,18.0,White,39,66,125.0
28000.0,0,17.0,White,25,64,112.0
25000.0,0,12.0,White,22,69,154.0
15000.0,0,12.0,White,27,67,123.0
55000.0,1,18.0,White,30,75,178.0
20000.0,0,17.0,Hispanic,26,66,125.0
8500.0,0,12.0,White,44,67,125.0
0.0,0,12.0,White,58,68,132.0
15000.0,0,13.0,White,31,67,142.0
30000.0,1,8.0,Black,41,75,214.0
30000.0,1,16.0,White,30,71,175.0
0.0,0,12.0,White,66,62,175.0
5000.0,0,13.0,White,54,68,180.0
5000.0,0,14.0,White,18,67,124.0
20000.0,0,12.0,White,31,68,135.0
20000.0,0,15.0,White,57,70,183.0
22000.0,1,6.0,White,75,70,151.0
25000.0,1,16.0,White,26,67,145.0
0.0,0,16.0,White,62,64,122.0
5000.0,0,12.0,Black,33,64,140.0
15000.0,0,12.0,White,64,65,120.0
3000.0,1,8.0,White,22,71,160.0
16000.0,0,12.0,White,49,63,137.0
30000.0,1,14.0,White,27,70,175.0
0.0,0,12.0,White,57,64,126.0
10000.0,0,12.0,Black,39,61,148.0
15000.0,0,12.0,Black,28,65,162.0
28000.0,1,12.0,White,46,67,170.0
15000.0,0,12.0,White,45,67,150.0
15000.0,0,12.0,White,69,68,
5000.0,0,6.0,White,76,59,110.0
5000.0,0,12.0,White,53,63,135.0
31500.0,1,14.0,White,35,65,153.0
95000.0,1,18.0,White,52,66,168.0
45000.0,1,17.0,White,61,68,160.0
20000.0,0,12.0,White,53,69,150.0
38000.0,1,12.0,White,40,67,145.0
10000.0,1,8.0,White,70,72,250.0
15000.0,0,16.0,White,73,63,139.0
30000.0,1,12.0,White,41,74,199.0
35900.0,1,16.0,White,42,74,225.0
12000.0,0,13.0,White,22,66,104.0
15000.0,1,15.0,White,35,72,165.0
10000.0,0,16.0,White,25,69,115.0
45000.0,0,18.0,White,44,66,150.0
5000.0,0,12.0,White,19,62,175.0
5000.0,1,11.0,White,25,68,130.0
40000.0,1,16.0,White,56,74,185.0
21500.0,1,12.0,White,27,72,180.0
14000.0,1,12.0,White,62,66,132.0
38000.0,1,17.0,Other,54,67,175.0
1000.0,0,12.0,White,18,65,130.0
14000.0,1,12.0,White,73,66,240.0
15000.0,0,12.0,White,31,65,130.0
15000.0,0,16.0,White,23,64,110.0
0.0,0,12.0,Hispanic,63,62,132.0
25000.0,0,12.0,White,70,64,160.0
24000.0,0,13.0,White,42,68,145.0
4500.0,0,16.0,White,23,64,130.0
18000.0,0,16.0,White,63,64,127.0
35000.0,0,12.0,White,19,64,115.0
14000.0,0,12.0,White,20,63,100.0
10000.0,0,12.0,White,28,69,160.0
9500.0,0,12.0,White,32,67,150.0
11000.0,0,15.0,White,66,63,140.0
17000.0,1,12.0,White,67,67,140.0
6000.0,0,13.0,White,28,60,130.0
2500.0,0,11.0,White,58,62,140.0
40000.0,1,16.0,White,41,72,163.0
0.0,0,14.0,White,35,67,190.0
25000.0,1,16.0,White,39,67,165.0
15000.0,0,13.0,White,65,68,170.0
28000.0,0,15.0,Black,60,66,170.0
33000.0,0,12.0,Black,45,66,136.0
5000.0,0,16.0,White,62,68,210.0
4000.0,0,8.0,White,64,60,149.0
0.0,0,12.0,White,29,67,150.0
4100.0,1,16.0,White,30,65,130.0
5000.0,1,11.0,White,76,60,89.0
25000.0,0,12.0,White,82,69,135.0
32000.0,1,12.0,White,28,72,205.0
15000.0,1,9.0,Hispanic,40,65,170.0
15000.0,1,14.0,White,38,69,170.0
13000.0,0,8.0,White,58,64,140.0
8000.0,1,8.0,Hispanic,27,64,150.0
0.0,0,17.0,Other,26,62,100.0
0.0,0,13.0,White,56,65,170.0
17000.0,0,12.0,White,38,64,125.0
15000.0,0,12.0,White,77,67,137.0
18000.0,1,13.0,White,32,66,170.0
12000.0,1,12.0,White,24,73,165.0
7000.0,1,7.0,White,49,74,295.0
0.0,0,12.0,White,24,66,121.0
1200.0,0,14.0,White,22,65,130.0
0.0,1,12.0,White,18,72,170.0
0.0,0,12.0,White,18,64,120.0
14000.0,1,12.0,White,21,63,165.0
17000.0,0,12.0,White,40,63,115.0
30000.0,1,12.0,White,42,66,150.0
5000.0,1,6.0,White,61,69,196.0
0.0,1,10.0,White,63,72,230.0
62000.0,0,12.0,White,81,64,140.0
25000.0,1,12.0,White,53,70,260.0
22000.0,0,12.0,Hispanic,33,66,185.0
15000.0,0,12.0,White,21,63,130.0
27000.0,1,12.0,White,91,73,210.0
20000.0,0,16.0,White,26,63,135.0
9000.0,0,11.0,White,34,69,160.0
0.0,0,14.0,White,24,66,120.0
17000.0,1,12.0,White,30,73,168.0
5000.0,0,14.0,White,21,65,119.0
15000.0,1,12.0,White,21,71,145.0
1800.0,0,12.0,White,46,68,160.0
18000.0,0,12.0,White,46,64,145.0
25000.0,0,18.0,White,42,63,120.0
5000.0,0,14.0,Black,47,66,150.0
20000.0,1,16.0,Black,41,70,220.0
75000.0,0,15.0,White,40,64,115.0
3500.0,0,12.0,White,40,66,170.0
36000.0,0,12.0,White,71,61,130.0
30000.0,1,12.0,White,25,72,210.0
25000.0,0,13.0,White,78,65,145.0
1000.0,0,14.0,White,26,64,200.0
60000.0,1,12.0,White,66,68,187.0
5000.0,0,12.0,White,73,64,170.0
35000.0,1,13.0,White,76,74,195.0
9000.0,1,13.0,White,33,67,160.0
35000.0,1,9.0,White,84,70,184.0
11000.0,0,10.0,White,58,66,150.0
12000.0,1,12.0,White,52,71,180.0
30000.0,1,12.0,White,43,71,170.0
19000.0,1,7.0,Black,57,71,155.0
5000.0,0,12.0,White,46,67,215.0
9000.0,1,9.0,White,61,74,205.0
30000.0,1,16.0,White,29,75,225.0
0.0,0,12.0,White,33,62,118.0
9000.0,1,12.0,White,32,72,150.0
15000.0,0,16.0,Hispanic,30,66,145.0
8000.0,0,12.0,Black,31,65,135.0
25000.0,1,8.0,White,45,70,175.0
10000.0,0,10.0,White,75,66,129.0
33000.0,1,12.0,White,37,72,160.0
5000.0,1,10.0,Black,60,70,175.0
5000.0,0,5.0,Black,83,72,185.0
15000.0,0,9.0,Black,65,64,237.0
12000.0,0,12.0,Hispanic,28,60,140.0
18000.0,0,15.0,White,37,64,136.0
5000.0,0,8.0,Hispanic,33,61,169.0
15000.0,0,12.0,Black,59,66,181.0
30000.0,0,13.0,White,61,65,193.0
12500.0,0,12.0,White,32,65,198.0
10000.0,0,12.0,Black,36,62,145.0
8500.0,1,13.0,Black,71,68,212.0
15000.0,0,13.0,White,36,67,205.0
21000.0,1,14.0,Black,46,73,175.0
0.0,0,12.0,White,29,63,122.0
21000.0,0,12.0,White,77,64,153.0
40000.0,1,12.0,White,47,70,210.0
0.0,0,13.0,White,24,66,135.0
21000.0,0,17.0,White,25,68,160.0
0.0,0,13.0,White,39,63,123.0
5000.0,0,12.0,White,52,66,160.0
22000.0,0,17.0,White,36,71,153.0
30000.0,1,14.0,White,26,73,155.0
0.0,0,12.0,White,28,64,185.0
123000.0,0,14.0,White,58,61,140.0
8000.0,0,9.0,White,45,63,190.0
0.0,0,9.0,White,54,63,140.0
0.0,0,8.0,White,56,62,115.0
2000.0,0,9.0,White,25,64,145.0
7600.0,0,6.0,White,62,67,195.0
0.0,0,12.0,White,18,67,145.0
5000.0,0,8.0,White,69,66,157.0
15000.0,1,14.0,White,22,72,160.0
5000.0,0,15.0,White,27,66,135.0
15000.0,0,12.0,Black,30,66,135.0
0.0,0,18.0,White,45,61,114.0
10000.0,0,12.0,White,25,63,138.0
35000.0,1,12.0,White,48,73,244.0
15000.0,0,12.0,White,26,64,130.0
15000.0,0,16.0,White,57,66,158.0
4000.0,0,12.0,White,22,70,155.0
16000.0,1,8.0,White,24,68,165.0
200.0,0,12.0,White,33,67,128.0
23000.0,1,16.0,White,25,74,195.0
16000.0,0,16.0,White,27,64,123.0
0.0,0,12.0,White,27,61,130.0
0.0,0,12.0,White,52,66,250.0
6000.0,0,12.0,White,49,60,200.0
600.0,0,9.0,White,46,59,125.0
0.0,0,16.0,Black,36,62,160.0
0.0,0,14.0,Black,61,62,187.0
25000.0,0,12.0,Black,21,62,124.0
0.0,0,12.0,White,25,62,210.0
28000.0,1,16.0,Other,34,75,201.0
15000.0,0,8.0,White,47,66,155.0
4000.0,0,8.0,White,66,66,160.0
15000.0,1,12.0,White,35,64,129.0
15000.0,1,12.0,White,25,71,172.0
25000.0,0,18.0,White,36,66,150.0
5000.0,1,13.0,White,61,70,170.0
0.0,0,10.0,White,35,61,117.0
25000.0,0,12.0,White,30,63,123.0
15000.0,0,12.0,White,26,67,117.0
15000.0,0,12.0,White,49,74,230.0
40000.0,1,11.0,White,44,69,180.0
30000.0,1,11.0,White,51,70,255.0
5000.0,0,12.0,White,29,66,195.0
35000.0,1,14.0,White,34,74,200.0
16000.0,0,14.0,White,31,65,200.0
5000.0,0,12.0,White,36,63,145.0
28000.0,0,16.0,White,40,64,128.0
20000.0,1,15.0,White,42,68,206.0
21000.0,1,13.0,White,30,66,140.0
17000.0,1,12.0,Black,42,69,210.0
24000.0,0,13.0,White,50,60,115.0
25000.0,0,12.0,White,75,61,110.0
40000.0,1,12.0,White,46,75,162.0
15000.0,1,9.0,White,25,70,220.0
0.0,0,9.0,Hispanic,23,63,145.0
0.0,1,13.0,White,20,69,150.0
0.0,0,16.0,White,63,66,165.0
8000.0,0,13.0,White,19,64,120.0
19000.0,0,15.0,Hispanic,45,63,175.0
5000.0,0,12.0,White,76,64,178.0
10000.0,0,11.0,Hispanic,36,64,120.0
45000.0,0,16.0,White,69,67,138.0
5000.0,1,17.0,Black,33,64,145.0
0.0,1,14.0,White,21,72,160.0
24000.0,0,14.0,Black,40,63,142.0
5000.0,0,14.0,White,19,67,100.0
15000.0,0,14.0,Hispanic,42,63,155.0
33000.0,1,16.0,White,34,66,160.0
24000.0,0,14.0,White,24,65,125.0
6000.0,0,13.0,White,23,63,135.0
90000.0,0,14.0,White,55,66,129.0
0.0,0,16.0,White,45,64,190.0
57000.0,0,18.0,White,47,64,170.0
15000.0,0,14.0,White,21,68,125.0
13800.0,1,14.0,White,54,71,195.0
30000.0,1,18.0,White,37,71,280.0
15000.0,1,12.0,White,40,72,155.0
15000.0,0,14.0,White,75,60,115.0
31000.0,1,12.0,White,29,70,170.0
33000.0,1,17.0,White,40,74,180.0
30000.0,1,18.0,White,61,68,175.0
12000.0,1,12.0,White,38,74,218.0
5000.0,1,12.0,White,22,75,150.0
21000.0,1,12.0,White,59,68,171.0
45000.0,1,12.0,White,59,72,185.0
28000.0,0,18.0,White,46,63,140.0
25000.0,1,9.0,White,62,71,225.0
12000.0,1,12.0,White,31,72,210.0
19000.0,0,12.0,White,46,64,170.0
6000.0,0,14.0,White,35,63,200.0
5300.0,0,13.0,White,60,66,230.0
5000.0,0,12.0,Black,21,66,121.0
15000.0,0,13.0,White,28,61,87.0
5000.0,1,2.0,Black,90,60,110.0
0.0,0,12.0,White,29,62,120.0
15000.0,0,11.0,White,59,65,145.0
17000.0,1,12.0,White,46,73,215.0
4700.0,0,12.0,Black,78,66,165.0
5000.0,0,12.0,White,75,67,139.0
0.0,0,12.0,White,18,68,113.0
9500.0,0,12.0,White,65,62,150.0
1700.0,1,12.0,White,22,65,150.0
0.0,0,14.0,White,43,63,130.0
5400.0,0,12.0,White,31,62,141.0
10000.0,1,12.0,White,31,68,160.0
25000.0,0,15.0,White,83,59,99.0
0.0,0,12.0,White,39,62,180.0
5000.0,1,13.0,White,38,69,165.0
25000.0,0,14.0,White,33,70,135.0
15000.0,1,8.0,White,82,66,180.0
0.0,0,9.0,White,63,64,102.0
15000.0,0,12.0,White,82,59,120.0
25000.0,0,10.0,White,73,62,100.0
30000.0,1,12.0,White,42,68,190.0
35000.0,0,16.0,White,43,68,157.0
25000.0,0,11.0,White,46,63,220.0
28000.0,0,18.0,White,44,63,130.0
42000.0,0,12.0,White,40,63,100.0
45000.0,1,12.0,White,58,68,170.0
55000.0,0,12.0,White,51,64,121.0
5000.0,0,15.0,White,39,65,128.0
62000.0,1,17.0,White,55,72,220.0
36000.0,0,16.0,White,30,70,135.0
15000.0,0,12.0,White,81,66,140.0
25000.0,1,10.0,White,31,70,155.0
19000.0,1,12.0,White,28,72,220.0
38000.0,1,11.0,White,50,69,165.0
15000.0,0,14.0,White,37,63,120.0
4500.0,0,5.0,White,85,58,114.0
96000.0,0,14.0,White,27,63,115.0
11000.0,0,12.0,White,47,63,115.0
9000.0,1,15.0,White,34,73,312.0
5000.0,0,14.0,White,24,69,127.0
50000.0,1,12.0,White,51,70,160.0
0.0,0,12.0,White,59,66,115.0
5000.0,0,15.0,White,56,60,170.0
0.0,0,16.0,White,62,66,185.0
6000.0,0,13.0,White,44,65,185.0
100000.0,1,13.0,White,22,72,180.0
16500.0,0,13.0,White,46,62,130.0
25000.0,1,12.0,White,54,72,200.0
0.0,1,12.0,White,18,69,185.0
15000.0,0,12.0,Black,32,65,120.0
15000.0,1,14.0,Black,26,73,134.0
15000.0,0,12.0,Black,40,66,140.0
32000.0,1,14.0,White,40,72,280.0
30000.0,1,18.0,White,41,73,230.0
10000.0,0,16.0,White,42,68,150.0
15000.0,0,12.0,White,62,59,180.0
0.0,0,12.0,White,35,64,128.0
15000.0,0,12.0,White,19,66,125.0
6500.0,0,8.0,White,83,60,129.0
26000.0,0,18.0,White,63,60,124.0
17000.0,0,12.0,White,59,65,140.0
22000.0,0,18.0,Other,59,63,150.0
10000.0,0,12.0,White,41,64,145.0
50000.0,1,14.0,White,58,71,165.0
20000.0,1,12.0,White,35,67,162.0
5000.0,0,12.0,White,67,63,145.0
0.0,0,13.0,White,59,67,150.0
400.0,0,12.0,White,31,63,160.0
30000.0,1,12.0,White,67,72,160.0
16000.0,0,14.0,White,59,65,125.0
62000.0,0,14.0,White,43,66,112.0
10000.0,0,12.0,White,66,66,160.0
14000.0,0,13.0,White,58,63,115.0
5000.0,0,15.0,White,20,65,112.0
40000.0,1,16.0,White,34,74,210.0
5000.0,0,13.0,White,55,67,170.0
25000.0,0,17.0,White,47,68,185.0
12000.0,0,12.0,White,51,65,150.0
58000.0,0,16.0,White,34,64,137.0
18000.0,0,16.0,White,26,68,128.0
1000.0,1,12.0,White,18,65,147.0
21000.0,1,17.0,White,47,72,265.0
11000.0,1,12.0,Black,62,66,158.0
15000.0,1,7.0,White,77,69,220.0
13000.0,0,12.0,White,36,64,130.0
0.0,0,12.0,White,53,64,140.0
20000.0,0,16.0,Other,88,60,110.0
25000.0,1,12.0,Black,35,72,220.0
5000.0,1,8.0,Hispanic,74,70,205.0
600.0,0,12.0,White,43,64,130.0
25000.0,1,14.0,Black,26,67,190.0
15000.0,1,12.0,White,91,69,178.0
36000.0,1,12.0,White,28,68,140.0
15000.0,0,13.0,Other,33,64,175.0
35000.0,0,14.0,White,36,64,142.0
3500.0,0,12.0,White,51,66,185.0
19005.0,0,16.0,White,34,65,120.0
62000.0,1,14.0,White,54,70,170.0
62000.0,1,16.0,White,35,69,195.0
25000.0,1,12.0,White,42,70,135.0
50000.0,1,12.0,White,52,66,180.0
0.0,0,12.0,White,28,64,180.0
0.0,0,13.0,White,26,66,160.0
40000.0,1,12.0,White,61,66,140.0
26000.0,1,18.0,White,26,74,190.0
5000.0,0,12.0,White,72,66,132.0
22000.0,0,12.0,White,48,62,120.0
21000.0,0,17.0,White,39,66,164.0
6108.0,0,12.0,White,65,62,198.0
30000.0,0,18.0,Black,64,65,145.0
15000.0,0,11.0,White,68,66,165.0
15000.0,0,12.0,White,79,64,160.0
6000.0,0,12.0,White,78,63,129.0
15000.0,0,8.0,White,75,66,150.0
27000.0,1,16.0,White,29,71,173.0
5000.0,0,10.0,Hispanic,26,64,150.0
4000.0,0,16.0,White,42,66,160.0
4416.0,0,6.0,Other,72,62,165.0
5000.0,0,12.0,White,39,66,144.0
5000.0,0,9.0,Black,62,64,225.0
30000.0,0,16.0,White,33,67,
0.0,0,12.0,White,76,62,130.0
5000.0,0,10.0,White,87,63,125.0
0.0,0,9.0,White,75,65,153.0
45000.0,1,18.0,White,40,67,175.0
18000.0,0,14.0,White,45,61,130.0
6000.0,0,15.0,White,22,66,125.0
0.0,0,12.0,White,49,61,155.0
14000.0,1,12.0,White,24,72,200.0
35000.0,0,14.0,White,24,69,125.0
15000.0,0,16.0,White,29,64,120.0
12000.0,0,12.0,Black,29,63,126.0
1000.0,0,12.0,White,47,60,175.0
32000.0,1,15.0,Black,33,70,195.0
15000.0,0,15.0,White,25,66,155.0
62000.0,1,17.0,White,36,69,210.0
5000.0,1,12.0,White,20,72,140.0
1500.0,1,12.0,White,19,73,185.0
30000.0,0,12.0,White,18,64,130.0
5000.0,0,13.0,White,19,66,138.0
3000.0,0,16.0,Black,23,65,150.0
35000.0,1,15.0,White,42,71,165.0
35000.0,0,12.0,White,42,64,135.0
0.0,0,12.0,White,45,63,114.0
0.0,0,16.0,White,29,63,132.0
70000.0,1,15.0,White,48,72,175.0
21000.0,0,16.0,White,28,67,140.0
50000.0,1,11.0,White,18,69,145.0
15000.0,1,9.0,White,21,71,175.0
0.0,1,10.0,Hispanic,18,68,132.0
15000.0,0,12.0,White,30,64,140.0
0.0,1,12.0,Black,20,73,172.0
5000.0,0,9.0,Black,63,62,142.0
9000.0,0,8.0,Black,35,66,150.0
25000.0,1,12.0,White,37,68,190.0
15000.0,0,14.0,Black,63,64,185.0
10000.0,0,14.0,Black,25,63,140.0
0.0,0,12.0,White,60,65,125.0
5000.0,0,18.0,Black,43,66,140.0
87000.0,1,12.0,White,81,64,126.0
30000.0,1,12.0,White,47,71,175.0
16000.0,1,14.0,White,21,72,185.0
20000.0,1,12.0,White,51,68,135.0
0.0,0,12.0,White,45,64,142.0
100000.0,1,17.0,White,54,72,185.0
62000.0,1,12.0,White,69,72,240.0
10000.0,0,12.0,White,43,66,133.0
62000.0,0,18.0,White,35,72,147.0
35000.0,1,14.0,White,63,66,200.0
7000.0,0,16.0,White,31,65,135.0
0.0,0,12.0,White,62,65,230.0
0.0,0,12.0,White,52,66,165.0
0.0,0,11.0,White,38,65,230.0
8000.0,1,14.0,Black,27,71,180.0
11000.0,1,10.0,White,50,74,270.0
25000.0,1,9.0,White,47,70,217.0
25000.0,0,14.0,White,45,64,130.0
30000.0,1,14.0,White,48,69,175.0
15000.0,0,12.0,White,29,63,120.0
0.0,1,12.0,White,26,66,130.0
48000.0,0,18.0,White,34,63,105.0
17000.0,0,12.0,White,46,68,145.0
15000.0,1,12.0,White,69,66,180.0
25000.0,1,12.0,White,64,78,200.0
0.0,0,8.0,White,70,71,111.0
26000.0,1,16.0,White,24,73,167.0
25000.0,1,12.0,White,32,69,165.0
10000.0,0,12.0,White,61,63,185.0
25000.0,0,18.0,White,50,62,130.0
0.0,0,11.0,White,57,65,125.0
60000.0,1,18.0,White,53,71,180.0
22000.0,0,18.0,White,29,65,115.0
5000.0,0,12.0,White,20,62,129.0
15000.0,1,12.0,White,77,70,180.0
5000.0,0,12.0,White,64,64,145.0
15000.0,1,16.0,White,44,72,215.0
6200.0,0,13.0,White,83,64,145.0
24000.0,0,16.0,White,32,65,132.0
20000.0,1,14.0,White,40,71,143.0
7000.0,0,14.0,White,30,70,150.0
0.0,1,12.0,Black,19,73,155.0
5000.0,0,15.0,White,29,67,115.0
15000.0,0,12.0,White,60,62,121.0
30000.0,0,16.0,Black,48,68,275.0
23000.0,0,18.0,White,28,66,130.0
20000.0,0,12.0,White,40,64,130.0
3000.0,0,16.0,White,29,66,170.0
0.0,0,12.0,White,31,63,135.0
30000.0,1,16.0,White,41,70,140.0
12000.0,0,14.0,White,23,64,130.0
35000.0,0,5.0,White,73,66,150.0
0.0,0,7.0,White,41,66,126.0
0.0,0,10.0,White,37,63,140.0
40000.0,1,12.0,White,38,71,190.0
15000.0,0,14.0,White,23,64,150.0
36000.0,0,16.0,White,45,63,153.0
10000.0,0,12.0,White,53,66,145.0
0.0,0,11.0,White,65,63,225.0
13000.0,0,14.0,White,48,68,120.0
0.0,0,12.0,White,59,65,265.0
0.0,0,14.0,White,41,61,120.0
10000.0,0,12.0,Black,27,62,128.0
30000.0,1,12.0,Hispanic,37,69,175.0
5000.0,1,11.0,White,18,69,170.0
25000.0,0,12.0,White,33,65,140.0
23000.0,1,13.0,White,32,64,150.0
20000.0,1,17.0,White,68,70,180.0
19000.0,0,13.0,White,82,65,130.0
62000.0,0,16.0,White,60,68,149.0
20000.0,1,11.0,Black,66,61,132.0
28000.0,1,14.0,Black,63,64,180.0
13000.0,0,10.0,White,80,65,119.0
12000.0,1,12.0,White,75,64,185.0
25000.0,0,18.0,White,36,63,135.0
20000.0,1,11.0,White,23,69,140.0
15000.0,0,14.0,White,62,66,185.0
15000.0,0,8.0,White,78,61,123.0
25000.0,1,12.0,White,30,74,190.0
25000.0,0,13.0,White,52,68,165.0
0.0,0,12.0,White,34,68,155.0
0.0,0,14.0,White,41,65,205.0
18000.0,0,16.0,White,40,67,132.0
0.0,0,12.0,White,18,65,115.0
0.0,0,18.0,White,46,64,120.0
6000.0,0,10.0,White,68,62,170.0
16000.0,1,13.0,White,23,72,160.0
45000.0,1,16.0,White,38,73,175.0
15000.0,0,12.0,White,30,60,115.0
25000.0,1,14.0,White,69,70,172.0
12000.0,0,14.0,White,38,64,145.0
2000.0,0,12.0,White,18,68,160.0
10000.0,0,12.0,White,18,63,110.0
14000.0,1,12.0,White,36,71,185.0
15000.0,0,12.0,White,31,64,200.0
0.0,0,11.0,White,37,67,200.0
10000.0,0,12.0,White,39,60,140.0
5000.0,0,10.0,White,70,64,180.0
1200.0,0,4.0,White,64,66,157.0
25000.0,0,12.0,White,74,64,155.0
15000.0,0,14.0,White,62,59,113.0
10000.0,0,13.0,White,64,63,150.0
2000.0,1,12.0,White,18,66,140.0
0.0,0,12.0,White,35,66,125.0
4000.0,0,13.0,White,33,65,
5000.0,1,8.0,White,58,70,140.0
10000.0,0,14.0,White,32,64,145.0
5000.0,0,13.0,White,22,61,
15000.0,0,12.0,White,28,66,123.0
5000.0,0,16.0,Hispanic,22,61,96.0
1500.0,0,12.0,White,23,66,108.0
18000.0,1,17.0,Hispanic,26,66,145.0
4000.0,1,15.0,White,24,73,175.0
28000.0,1,16.0,White,26,72,150.0
10000.0,0,14.0,White,22,74,180.0
3000.0,0,16.0,White,22,65,118.0
0.0,0,14.0,White,31,64,110.0
25000.0,0,18.0,White,68,62,125.0
12000.0,1,12.0,White,21,71,240.0
15000.0,0,12.0,White,77,62,147.0
19000.0,0,13.0,White,45,68,158.0
0.0,0,12.0,White,33,61,235.0
36000.0,1,16.0,White,39,70,184.0
7000.0,0,16.0,White,59,64,180.0
35000.0,0,11.0,White,34,59,85.0
40000.0,1,18.0,White,43,68,168.0
15000.0,1,14.0,White,25,68,130.0
8000.0,0,13.0,White,43,69,130.0
25000.0,0,14.0,White,55,69,190.0
20000.0,1,12.0,White,23,72,185.0
28000.0,1,18.0,White,38,75,214.0
22000.0,1,14.0,White,35,69,180.0
15000.0,1,14.0,White,31,71,150.0
21500.0,1,13.0,Black,24,72,210.0
3000.0,0,12.0,White,23,68,160.0
25000.0,0,12.0,Other,22,64,110.0
23000.0,1,13.0,White,28,72,190.0
15000.0,0,18.0,White,41,66,165.0
18000.0,1,12.0,White,73,72,197.0
5000.0,1,8.0,Hispanic,20,67,128.0
20000.0,1,16.0,White,71,67,156.0
62000.0,0,14.0,White,59,66,150.0
62000.0,1,14.0,White,72,72,164.0
5000.0,0,13.0,White,69,64,120.0
16000.0,0,12.0,Hispanic,46,63,110.0
15000.0,1,12.0,White,26,69,181.0
53000.0,0,17.0,Hispanic,32,63,118.0
15000.0,1,17.0,Hispanic,56,70,200.0
26000.0,1,12.0,White,27,72,162.0
20000.0,0,12.0,White,33,70,145.0
4000.0,0,12.0,Other,28,65,110.0
10000.0,1,16.0,White,59,73,200.0
25000.0,1,12.0,White,33,75,220.0
43000.0,1,12.0,White,51,69,230.0
17000.0,1,14.0,Other,33,69,180.0
4000.0,0,12.0,Hispanic,38,61,230.0
87000.0,1,18.0,White,55,71,185.0
30000.0,1,13.0,Hispanic,23,72,175.0
25000.0,0,16.0,White,32,65,135.0
50000.0,1,15.0,White,48,73,195.0
25000.0,0,18.0,White,56,64,123.0
55000.0,0,18.0,White,51,67,137.0
28000.0,0,16.0,White,41,63,145.0
0.0,0,12.0,White,48,66,160.0
15000.0,1,7.0,White,69,72,150.0
5000.0,0,12.0,White,32,64,135.0
5000.0,0,14.0,White,48,62,200.0
18000.0,0,13.0,White,49,65,130.0
21000.0,1,15.0,Hispanic,62,72,175.0
15000.0,0,9.0,Hispanic,44,59,180.0
12000.0,0,12.0,White,33,67,115.0
33000.0,0,16.0,Hispanic,62,65,164.0
15000.0,0,16.0,White,81,64,140.0
50000.0,1,13.0,Hispanic,64,72,175.0
6000.0,0,9.0,Hispanic,74,65,231.0
16000.0,0,14.0,White,59,64,140.0
35000.0,1,12.0,White,50,68,150.0
25000.0,0,12.0,White,43,68,260.0
35000.0,0,17.0,White,41,66,155.0
20000.0,1,14.0,White,26,76,210.0
18000.0,0,12.0,White,36,63,118.0
34000.0,1,14.0,White,78,74,225.0
25000.0,1,16.0,White,25,68,155.0
15000.0,0,14.0,White,65,61,110.0
20000.0,0,16.0,White,54,64,140.0
20000.0,1,17.0,White,77,72,200.0
33000.0,1,12.0,White,69,68,170.0
20000.0,1,12.0,White,66,71,150.0
15000.0,0,12.0,White,76,63,126.0
4000.0,0,12.0,White,73,65,158.0
20000.0,0,8.0,White,77,60,130.0
40000.0,1,16.0,White,33,72,200.0
14000.0,0,14.0,White,40,64,132.0
12000.0,0,12.0,White,48,68,170.0
25000.0,0,12.0,White,31,61,105.0
10000.0,0,17.0,White,60,63,136.0
70000.0,0,10.0,White,72,67,138.0
38000.0,0,17.0,White,55,67,140.0
14000.0,0,12.0,White,28,63,125.0
62000.0,1,18.0,White,76,71,164.0
0.0,0,15.0,White,33,63,108.0
15000.0,0,13.0,White,37,60,100.0
17000.0,1,16.0,White,31,74,215.0
25000.0,0,15.0,White,24,66,125.0
60000.0,1,14.0,White,66,69,158.0
15000.0,0,15.0,White,69,67,180.0
25000.0,1,16.0,White,86,65,145.0
18000.0,1,12.0,Hispanic,63,62,131.0
0.0,1,12.0,White,55,65,145.0
45000.0,0,17.0,White,54,64,140.0
70000.0,1,18.0,White,47,72,175.0
0.0,0,11.0,Hispanic,49,66,
30000.0,0,18.0,White,59,65,130.0
100000.0,0,15.0,White,72,67,167.0
8000.0,0,12.0,White,51,62,145.0
30000.0,1,16.0,White,34,71,185.0
0.0,0,11.0,White,26,62,115.0
27000.0,1,14.0,White,32,71,192.0
47000.0,1,18.0,White,43,70,270.0
12000.0,1,12.0,Hispanic,22,67,135.0
35000.0,1,16.0,White,70,72,190.0
24000.0,0,17.0,White,34,62,130.0
13000.0,0,12.0,Hispanic,35,63,165.0
80000.0,0,14.0,White,37,61,102.0
5000.0,1,12.0,White,18,72,130.0
0.0,0,12.0,White,28,65,110.0
25000.0,0,10.0,White,60,63,153.0
28000.0,1,12.0,White,44,66,240.0
8000.0,0,15.0,White,20,64,125.0
10000.0,0,13.0,White,51,66,110.0
9000.0,0,14.0,White,41,68,155.0
20000.0,0,12.0,White,37,60,150.0
12000.0,1,12.0,White,71,65,200.0
15000.0,0,14.0,White,66,65,130.0
20000.0,0,14.0,White,36,61,110.0
15000.0,0,16.0,White,55,68,200.0
28000.0,0,14.0,White,36,64,134.0
265.0,0,15.0,White,21,66,140.0
35000.0,1,14.0,White,74,69,157.0
25000.0,0,12.0,White,30,67,
26000.0,0,14.0,Hispanic,32,66,165.0
27000.0,0,17.0,White,34,67,118.0
14000.0,0,12.0,White,30,68,180.0
32000.0,1,16.0,White,33,66,140.0
10000.0,0,14.0,White,32,69,112.0
15000.0,1,12.0,White,26,72,135.0
7000.0,1,16.0,White,30,69,190.0
28000.0,1,17.0,White,46,71,182.0
60000.0,1,13.0,White,54,74,250.0
25000.0,0,14.0,White,69,60,130.0
12000.0,1,4.0,White,62,69,170.0
0.0,0,13.0,White,63,65,
0.0,0,12.0,White,46,65,
15000.0,0,13.0,White,75,75,200.0
40000.0,0,14.0,White,69,65,125.0
25000.0,0,16.0,White,75,63,110.0
15000.0,1,6.0,White,81,72,135.0
35000.0,0,12.0,White,36,60,112.0
15000.0,1,11.0,White,63,72,225.0
26000.0,0,15.0,White,32,64,120.0
0.0,0,12.0,Black,43,59,100.0
0.0,1,12.0,Other,20,71,170.0
26000.0,1,16.0,Hispanic,25,72,165.0
18720.0,0,10.0,Black,36,63,108.0
0.0,0,12.0,Black,22,68,155.0
5000.0,0,11.0,Other,59,62,148.0
12000.0,0,12.0,Black,73,64,152.0
80000.0,1,17.0,White,39,70,210.0
48000.0,0,13.0,White,39,66,120.0
5000.0,0,18.0,White,25,63,125.0
18000.0,1,16.0,Other,27,62,135.0
85000.0,1,15.0,White,65,70,150.0
35000.0,0,12.0,Black,47,64,175.0
5000.0,1,16.0,White,22,69,150.0
9000.0,0,13.0,Hispanic,22,64,140.0
30000.0,0,16.0,White,27,67,125.0
80000.0,1,14.0,White,58,72,250.0
35000.0,0,16.0,White,32,65,124.0
12000.0,0,14.0,White,34,63,210.0
200000.0,1,18.0,White,34,70,190.0
4000.0,0,16.0,White,45,64,128.0
2000.0,1,12.0,White,18,68,165.0
24000.0,0,18.0,White,69,66,190.0
2000.0,1,15.0,Hispanic,23,66,165.0
15000.0,1,17.0,White,30,70,185.0
15000.0,1,12.0,White,65,70,225.0
6000.0,0,12.0,White,65,62,150.0
5000.0,1,12.0,White,75,66,150.0
1500.0,0,12.0,Hispanic,21,66,130.0
28000.0,0,18.0,White,48,64,130.0
9000.0,0,12.0,White,35,70,150.0
60000.0,1,14.0,White,52,74,175.0
1200.0,1,12.0,White,19,66,150.0
1400.0,0,3.0,Hispanic,64,62,185.0
15000.0,0,16.0,White,26,68,160.0
7000.0,0,13.0,White,43,66,180.0
25000.0,1,12.0,White,72,70,190.0
21000.0,0,12.0,White,31,62,130.0
44000.0,1,12.0,White,58,69,107.0
29000.0,1,16.0,Black,36,68,164.0
3000.0,1,14.0,Hispanic,18,72,165.0
12000.0,1,13.0,Black,22,64,140.0
0.0,0,16.0,Hispanic,19,64,110.0
0.0,0,9.0,Hispanic,39,60,200.0
20000.0,1,12.0,Hispanic,28,72,195.0
1200.0,0,5.0,Black,73,62,146.0
25000.0,0,12.0,White,30,64,104.0
37000.0,1,16.0,White,25,74,215.0
8000.0,1,10.0,Other,60,66,150.0
35000.0,1,16.0,Hispanic,30,68,135.0
25000.0,1,14.0,Hispanic,23,67,145.0
25000.0,1,14.0,Other,37,62,110.0
18000.0,0,10.0,White,29,71,160.0
30000.0,0,16.0,Black,36,63,130.0
5000.0,1,14.0,Other,27,66,133.0
20000.0,1,18.0,White,69,69,165.0
12000.0,1,6.0,Hispanic,40,71,160.0
0.0,0,12.0,Hispanic,65,64,180.0
10000.0,0,12.0,White,68,66,125.0
18000.0,1,14.0,White,48,72,195.0
0.0,0,15.0,Hispanic,59,62,115.0
15000.0,0,12.0,Hispanic,20,65,130.0
20000.0,1,12.0,Black,26,72,181.0
31000.0,0,16.0,White,43,68,150.0
25000.0,1,12.0,Black,56,70,160.0
6000.0,1,10.0,Hispanic,36,64,150.0
0.0,0,12.0,White,38,64,140.0
35000.0,1,12.0,Black,70,68,182.0
12000.0,1,13.0,White,40,70,150.0
13000.0,0,16.0,White,33,66,155.0
26000.0,0,17.0,White,34,67,210.0
15000.0,0,11.0,Black,31,68,130.0
30000.0,0,17.0,White,28,64,140.0
2000.0,0,14.0,White,41,65,122.0
5000.0,1,13.0,Other,22,70,150.0
53000.0,0,14.0,White,26,71,150.0
0.0,0,12.0,White,36,64,127.0
2000.0,0,13.0,White,18,62,102.0
25000.0,1,17.0,White,29,71,155.0
5000.0,1,12.0,White,18,74,185.0
21000.0,0,13.0,White,27,64,105.0
15000.0,0,14.0,White,19,64,
17000.0,0,15.0,White,27,70,130.0
5000.0,1,16.0,White,22,73,155.0
12000.0,0,13.0,White,37,64,135.0
42000.0,1,14.0,Hispanic,44,70,230.0
21000.0,1,12.0,White,33,74,205.0
6000.0,0,12.0,Hispanic,65,63,170.0
0.0,0,12.0,Hispanic,46,59,107.0
25000.0,1,14.0,White,24,74,190.0
3000.0,0,14.0,White,19,66,119.0
3600.0,0,15.0,White,67,65,150.0
4000.0,1,12.0,White,19,71,155.0
20000.0,1,14.0,White,58,69,160.0
45000.0,1,18.0,White,38,72,160.0
136500.0,1,16.0,White,51,70,165.0
52000.0,1,15.0,White,50,60,220.0
60000.0,0,12.0,White,43,64,130.0
15000.0,0,13.0,White,41,64,122.0
90000.0,1,16.0,White,50,72,190.0
35000.0,0,12.0,White,38,63,160.0
25000.0,1,13.0,Hispanic,19,72,156.0
15000.0,1,12.0,White,76,66,185.0
26000.0,0,14.0,White,65,61,180.0
0.0,0,13.0,Hispanic,32,62,150.0
2000.0,1,12.0,White,21,69,140.0
16000.0,0,12.0,White,61,67,145.0
24000.0,0,11.0,Hispanic,27,65,130.0
15000.0,1,16.0,Hispanic,28,68,172.0
42000.0,1,17.0,White,43,74,170.0
0.0,0,15.0,White,48,63,150.0
10000.0,0,12.0,White,43,65,135.0
17000.0,1,13.0,Hispanic,36,71,220.0
30000.0,0,14.0,White,34,64,
0.0,0,16.0,White,22,65,120.0
32000.0,0,17.0,White,37,69,160.0
36000.0,0,17.0,Hispanic,34,64,135.0
10000.0,1,13.0,Hispanic,20,72,190.0
20000.0,0,15.0,White,29,63,130.0
24000.0,0,12.0,White,29,65,110.0
17000.0,1,12.0,White,32,72,180.0
23000.0,0,14.0,White,48,65,137.0
25000.0,0,12.0,White,33,64,125.0
50000.0,1,12.0,White,50,71,200.0
0.0,0,14.0,White,39,63,145.0
20000.0,0,12.0,White,30,62,120.0
30000.0,0,16.0,White,33,66,145.0
7000.0,0,10.0,White,39,64,190.0
7000.0,1,10.0,White,78,67,120.0
30000.0,1,11.0,White,32,68,185.0
3000.0,0,12.0,White,24,66,130.0
20000.0,0,14.0,White,43,66,145.0
40000.0,0,16.0,White,59,66,139.0
10000.0,1,12.0,White,77,67,150.0
16000.0,1,12.0,White,37,66,240.0
11000.0,0,9.0,White,51,63,225.0
16000.0,0,13.0,White,43,68,175.0
18000.0,1,12.0,White,27,70,185.0
12000.0,0,16.0,White,26,63,115.0
4000.0,1,14.0,Black,21,70,170.0
60000.0,1,12.0,White,45,72,195.0
43000.0,1,17.0,White,40,75,180.0
31000.0,0,14.0,White,39,62,180.0
50000.0,0,17.0,White,39,68,150.0
27000.0,0,14.0,White,29,68,165.0
30000.0,1,17.0,White,56,70,158.0
12000.0,1,13.0,Black,21,73,195.0
136500.0,1,18.0,White,49,66,160.0
0.0,0,16.0,White,39,69,124.0
20000.0,0,17.0,White,30,62,140.0
15000.0,0,12.0,Black,76,60,120.0
25000.0,0,16.0,Other,37,64,150.0
5000.0,1,12.0,Hispanic,21,68,190.0
2000.0,0,6.0,Hispanic,67,60,125.0
5000.0,0,14.0,White,68,60,140.0
3000.0,1,15.0,Hispanic,20,73,170.0
25000.0,0,16.0,Black,40,64,138.0
110000.0,0,18.0,Other,48,66,130.0
55000.0,1,18.0,White,71,69,155.0
58000.0,1,18.0,White,53,70,170.0
10000.0,0,16.0,White,36,70,165.0
19000.0,1,12.0,White,29,72,165.0
15000.0,0,18.0,White,82,61,120.0
8000.0,0,12.0,White,33,64,130.0
60000.0,1,12.0,White,50,72,194.0
15000.0,0,14.0,Other,69,63,155.0
6000.0,1,12.0,White,27,68,150.0
